#key	value
name	Imran Ali Namazi
byline	Becoming the Ocean!
safeName	imran-ali-namazi
iconName	Imran Ali's World
footer-message	This site is where WE dream - for better work, quality time with family... and [a mission](https://amadeusweb.in/#utm) to fulfil.
siteMenuName	All Writing
description	DAWN Founder, Author, Poet, Coder, AI Conversationalist, Researcher and Humanist.
notes	Home of Imran Ali Namazi  - Valiant in the Melee of Evolution.
sections	poems, prose, With AI: books+2026+2025+on-tech, More: my-ideas+whois+journal+2007
local-url	http://localhost/amadeusweb/people/imran/
live-url	https://imran.amadeusweb.in/
year	2005
